Posillo,barcode,index,barcode2,index2,muestra
B01,UDP0002,AGGTCAGATA,UDP0002,CTACAAGATA,T0_control_1
B02,UDP0010,AGTCAGACGA,UDP0010,ACCAGCGACA,T0_control_2
B03,UDP0018,AGAGGCAACC,UDP0018,CTAATGATGG,T0_control_3
B04,UDP0026,GGTTGCGAGG,UDP0026,AATAGAGCAA,T1_control_1
B05,UDP0034,CAGCCGCGTA,UDP0034,ACTAGCCGTG,T1_control_2
B06,UDP0042,GTCTAATGGC,UDP0042,AGTGGTCAGG,T1_control_3
B07,UDP0050,GACACCATGT,UDP0050,TCAACGTGTA,T2_control_1
B08,UDP0058,CTCGCTTCGG,UDP0058,TACTAGTCAA,T2_control_2
B09,UDP0066,ATACCAACGC,UDP0066,AATTGCTGCG,T2_control_3
B10,UDP0074,TTCATAAGGT,UDP0074,TGTTAGAAGG,T3_control_1
B11,UDP0082,ACCGTTACAA,UDP0082,CTCATAGCGA,T3_control_2
C01,UDP0003,CGTCTCATAT,UDP0003,TATAGTAGCT,T3_control_3
C02,UDP0011,CCGTATGTTC,UDP0011,CATACACTGT,T4_control_1
C03,UDP0019,CCATCATTAG,UDP0019,GGTTGCCTCT,T4_control_2
C04,UDP0027,TAAGCATCCA,UDP0027,TCAATCCATT,T4_control_3
C05,UDP0035,GGTAACTCGC,UDP0035,AAGTTGGTGA,T0_consorcio_1
C06,UDP0043,CCATCTCGCC,UDP0043,TTCTATGGTT,T0_consorcio_2
C07,UDP0051,CCTGTCTGTC,UDP0051,ACTGTTGTGA,T0_consorcio_3
C08,UDP0059,CTGTTGGTCC,UDP0059,ATAGACCGTT,T1_consorcio_1
C09,UDP0067,AGGATGTGCT,UDP0067,TTACAATTCC,T1_consorcio_2
C10,UDP0075,CTCTGCAGCG,UDP0075,GATGGATGTA,T1_consorcio_3
C11,UDP0083,TATGCCTTAC,UDP0083,AGACACATTA,T2_consorcio_1
D01,UDP0004,ATTCCATAAG,UDP0004,TGCCTGGTGG,T2_consorcio_2
D02,UDP0012,GAGTCATAGG,UDP0012,GTGTGGCGCT,T2_consorcio_3
D03,UDP0020,GATAGGCCGA,UDP0020,CGCACATGGC,T3_consorcio_1
D04,UDP0028,ACCACGACAT,UDP0028,TCGTATGCGG,T3_consorcio_2
D05,UDP0036,ACCGGCCGTA,UDP0036,TGGCAATATT,T3_consorcio_3
D06,UDP0044,CTGCGAGCCA,UDP0044,AATCCGGCCA,T4_consorcio_1
D07,UDP0052,TGATGTAAGA,UDP0052,GTGCGTCCTT,T4_consorcio_2
D08,UDP0060,TTACCTGGAA,UDP0060,ACAGTTCCAG,T4_consorcio_3
D09,UDP0068,CACGGAACAA,UDP0068,AACCTAGCAC,vermicompost_1
D10,UDP0076,CTGACTCTAC,UDP0076,ACGGCCGTCA,vermicompost_2
D11,UDP0084,ACAAGTGGAC,UDP0084,GCGCGATGTT,vermicompost_3
