Well,Sample_name,Locus,PrimerF,PrimerR
A2,A7-D9,16S_long,AGAGTTTGATCCTGGCTCAG,GGTTACCTTGTTACGACTT
A3,C3-D6 amarilla,16S_long,AGAGTTTGATCCTGGCTCAG,GGTTACCTTGTTACGACTT
A4,D1-A7,16S_long,AGAGTTTGATCCTGGCTCAG,GGTTACCTTGTTACGACTT
A5,D1-G5 rosa,16S_long,AGAGTTTGATCCTGGCTCAG,GGTTACCTTGTTACGACTT
A6,F1-C11,16S_long,AGAGTTTGATCCTGGCTCAG,GGTTACCTTGTTACGACTT
A7,F1-F11,16S_long,AGAGTTTGATCCTGGCTCAG,GGTTACCTTGTTACGACTT
A8,G3-C7,16S_long,AGAGTTTGATCCTGGCTCAG,GGTTACCTTGTTACGACTT
A9,H2-C3,16S_long,AGAGTTTGATCCTGGCTCAG,GGTTACCTTGTTACGACTT
A10,B10-E10 (2),16S_long,AGAGTTTGATCCTGGCTCAG,GGTTACCTTGTTACGACTT
B1,A7-A7,16S_long,AGAGTTTGATCCTGGCTCAG,GGTTACCTTGTTACGACTT
B2,A7-F8,16S_long,AGAGTTTGATCCTGGCTCAG,GGTTACCTTGTTACGACTT
B3,C3-D6 blanca,16S_long,AGAGTTTGATCCTGGCTCAG,GGTTACCTTGTTACGACTT
B4,D1-A9,16S_long,AGAGTTTGATCCTGGCTCAG,GGTTACCTTGTTACGACTT
B5,E7-E5,16S_long,AGAGTTTGATCCTGGCTCAG,GGTTACCTTGTTACGACTT
B6,F1-D10,16S_long,AGAGTTTGATCCTGGCTCAG,GGTTACCTTGTTACGACTT
B7,F1-G7,16S_long,AGAGTTTGATCCTGGCTCAG,GGTTACCTTGTTACGACTT
B8,G3-E2,16S_long,AGAGTTTGATCCTGGCTCAG,GGTTACCTTGTTACGACTT
B9,H2-C5,16S_long,AGAGTTTGATCCTGGCTCAG,GGTTACCTTGTTACGACTT
B10,gF113-APA752-1:100,16S_long,AGAGTTTGATCCTGGCTCAG,GGTTACCTTGTTACGACTT
C1,A7-A11,16S_long,AGAGTTTGATCCTGGCTCAG,GGTTACCTTGTTACGACTT
C2,B10-E10 (1),16S_long,AGAGTTTGATCCTGGCTCAG,GGTTACCTTGTTACGACTT
C3,C3-D8,16S_long,AGAGTTTGATCCTGGCTCAG,GGTTACCTTGTTACGACTT
C4,D1-A10,16S_long,AGAGTTTGATCCTGGCTCAG,GGTTACCTTGTTACGACTT
C5,E7-G6,16S_long,AGAGTTTGATCCTGGCTCAG,GGTTACCTTGTTACGACTT
C6,F1-E7,16S_long,AGAGTTTGATCCTGGCTCAG,GGTTACCTTGTTACGACTT
C7,F1-G10,16S_long,AGAGTTTGATCCTGGCTCAG,GGTTACCTTGTTACGACTT
C8,G3-F2,16S_long,AGAGTTTGATCCTGGCTCAG,GGTTACCTTGTTACGACTT
C9,H2-E3,16S_long,AGAGTTTGATCCTGGCTCAG,GGTTACCTTGTTACGACTT
C10,gF113-APA766-1:100,16S_long,AGAGTTTGATCCTGGCTCAG,GGTTACCTTGTTACGACTT
D1,A7-C2,16S_long,AGAGTTTGATCCTGGCTCAG,GGTTACCTTGTTACGACTT
D2,C3-A4,16S_long,AGAGTTTGATCCTGGCTCAG,GGTTACCTTGTTACGACTT
D3,C3-D9,16S_long,AGAGTTTGATCCTGGCTCAG,GGTTACCTTGTTACGACTT
D4,D1-B4,16S_long,AGAGTTTGATCCTGGCTCAG,GGTTACCTTGTTACGACTT
D5,F1-B5,16S_long,AGAGTTTGATCCTGGCTCAG,GGTTACCTTGTTACGACTT
D6,F1-E8,16S_long,AGAGTTTGATCCTGGCTCAG,GGTTACCTTGTTACGACTT
D7,F1-G11,16S_long,AGAGTTTGATCCTGGCTCAG,GGTTACCTTGTTACGACTT
D8,H2-A5,16S_long,AGAGTTTGATCCTGGCTCAG,GGTTACCTTGTTACGACTT
D9,H2-E11,16S_long,AGAGTTTGATCCTGGCTCAG,GGTTACCTTGTTACGACTT
E1,A7-C7,16S_long,AGAGTTTGATCCTGGCTCAG,GGTTACCTTGTTACGACTT
E2,C3-A10,16S_long,AGAGTTTGATCCTGGCTCAG,GGTTACCTTGTTACGACTT
E3,C3-E2,16S_long,AGAGTTTGATCCTGGCTCAG,GGTTACCTTGTTACGACTT
E4,D1-B9,16S_long,AGAGTTTGATCCTGGCTCAG,GGTTACCTTGTTACGACTT
E5,F1-B6,16S_long,AGAGTTTGATCCTGGCTCAG,GGTTACCTTGTTACGACTT
E6,F1-E9,16S_long,AGAGTTTGATCCTGGCTCAG,GGTTACCTTGTTACGACTT
E7,G3-B1,16S_long,AGAGTTTGATCCTGGCTCAG,GGTTACCTTGTTACGACTT
E8,H2-B2,16S_long,AGAGTTTGATCCTGGCTCAG,GGTTACCTTGTTACGACTT
E9,H2-E12,16S_long,AGAGTTTGATCCTGGCTCAG,GGTTACCTTGTTACGACTT
F1,A7-C10,16S_long,AGAGTTTGATCCTGGCTCAG,GGTTACCTTGTTACGACTT
F2,C3-B8*,16S_long,AGAGTTTGATCCTGGCTCAG,GGTTACCTTGTTACGACTT
F3,C3-F5,16S_long,AGAGTTTGATCCTGGCTCAG,GGTTACCTTGTTACGACTT
F4,D1-D2,16S_long,AGAGTTTGATCCTGGCTCAG,GGTTACCTTGTTACGACTT
F5,F1-B7*,16S_long,AGAGTTTGATCCTGGCTCAG,GGTTACCTTGTTACGACTT
F6,F1-E11,16S_long,AGAGTTTGATCCTGGCTCAG,GGTTACCTTGTTACGACTT
F7,G3-B6,16S_long,AGAGTTTGATCCTGGCTCAG,GGTTACCTTGTTACGACTT
F8,H2-B4,16S_long,AGAGTTTGATCCTGGCTCAG,GGTTACCTTGTTACGACTT
F9,H2-F4,16S_long,AGAGTTTGATCCTGGCTCAG,GGTTACCTTGTTACGACTT
G1,A7-D7,16S_long,AGAGTTTGATCCTGGCTCAG,GGTTACCTTGTTACGACTT
G2,C3-B10*,16S_long,AGAGTTTGATCCTGGCTCAG,GGTTACCTTGTTACGACTT
G3,C3-H5,16S_long,AGAGTTTGATCCTGGCTCAG,GGTTACCTTGTTACGACTT
G4,D1-G4,16S_long,AGAGTTTGATCCTGGCTCAG,GGTTACCTTGTTACGACTT
G5,F1-B11,16S_long,AGAGTTTGATCCTGGCTCAG,GGTTACCTTGTTACGACTT
G6,F1-F7,16S_long,AGAGTTTGATCCTGGCTCAG,GGTTACCTTGTTACGACTT
G7,G3-C2,16S_long,AGAGTTTGATCCTGGCTCAG,GGTTACCTTGTTACGACTT
G8,H2-B9,16S_long,AGAGTTTGATCCTGGCTCAG,GGTTACCTTGTTACGACTT
G9,H2-G9,16S_long,AGAGTTTGATCCTGGCTCAG,GGTTACCTTGTTACGACTT
H2,C3-D1,16S_long,AGAGTTTGATCCTGGCTCAG,GGTTACCTTGTTACGACTT
H3,D1-A5,16S_long,AGAGTTTGATCCTGGCTCAG,GGTTACCTTGTTACGACTT
H4,D1-G5 blanca,16S_long,AGAGTTTGATCCTGGCTCAG,GGTTACCTTGTTACGACTT
H5,F1-C8,16S_long,AGAGTTTGATCCTGGCTCAG,GGTTACCTTGTTACGACTT
H6,F1-F8,16S_long,AGAGTTTGATCCTGGCTCAG,GGTTACCTTGTTACGACTT
H7,G3-C3,16S_long,AGAGTTTGATCCTGGCTCAG,GGTTACCTTGTTACGACTT
H8,H2-B12,16S_long,AGAGTTTGATCCTGGCTCAG,GGTTACCTTGTTACGACTT
H9,H2-H5,16S_long,AGAGTTTGATCCTGGCTCAG,GGTTACCTTGTTACGACTT
